tv_season,rating
Chernobyl 1,9.580000000000002
Attack on Titan 3,9.51818181818182
Aspirants 1,9.5
Attack on Titan 4,9.485
Breaking Bad 5,9.424999999999999
Brass Eye 2,9.4
Samurai Jack 5,9.35
Gullak 2,9.34
Young Justice 4,9.330769230769231
Attack on Titan 2,9.325000000000001
